{
    "acc": 0.9931, 
    "loss": 0.02184037340073458, 
    "val_acc": 0.9873, 
    "val_loss": 0.035355975090590075
}
