{
    "acc": 0.9897666666666667, 
    "loss": 0.031575317076873034, 
    "val_acc": 0.988, 
    "val_loss": 0.03975805343351385
}
